Tenors,Close
0.002777778,0.13
0.019444444,0.16
0.083333333,0.23
0.166666667,0.31
0.25,0.4
0.5,0.64
1,0.97
2,0.99
3,1.24
4,1.43
5,1.59
6,1.73
7,1.84
8,1.94
9,2.03
10,2.1
15,2.34
20,2.45
30,2.54
