Tenors,Close
0.002777778,13
0.019444444,16
0.083333333,23
0.166666667,31
0.25,40
0.5,64
1,97
2,99
3,124
4,143
5,159
6,173
7,184
8,194
9,203
10,210
15,234
20,245
30,254
